,crim,zn,indus,nox,rm,age,dis,rad,tax,ptratio,b,lstat
count,-404.0,-404.0,-404.0,-404.0,-404.0,-404.0,-404.0,-404.0,-404.0,-404.0,-404.0,-404.0
mean,-3.6110616924686822,-11.407759168942942,-11.027471813367542,-0.630192101197946,-6.503465357245996,-68.57162497898874,-3.8256949588029427,-9.43782295425995,-408.1114665425841,-18.14972908601817,-356.6525678088518,-12.516349381453296
std,-7.759989313380012,-22.280961882677133,-5.884096923935382,0.8079357024516047,0.2342308205800192,-27.11557800784811,-1.1610700587355123,-7.639326125513977,-167.46785160919003,-1.356039422885547,-90.30373522013986,-6.1209215885960315
min,-0.4127704985454481,-0.5003201214037766,-1.9884531247840755,-1.7841660664367067,-7.44894153486382,-5.13018134146473,-2.3694341619758017,-1.9740475762993264,-188.30165845852164,-14.989244372223975,-4.14270472766974,-3.0786234652346134
25%,-0.4793521227103196,-0.5003201214037766,-5.899046360707795,-1.3696817431130524,-6.514427403641541,-45.910415278850174,-2.8256538974718435,-4.624359880068644,-279.73678668111745,-17.363303981996,-375.17256817479176,-7.621661016986859
50%,-0.6399953077390947,-0.5003201214037766,-9.747369293132728,-0.7462717506089447,-6.4136885304578275,-77.28027508377598,-3.421110526997497,-5.507797314658417,-330.35568652196207,-18.65390540566593,-391.0471577274844,-11.377228780225249
75%,-3.574043135980225,-13.000320121403776,-17.066763214583705,-0.07095002727619704,-6.392953719149014,-93.12119733284077,-4.7390048500074995,-22.293108571864096,-664.4215655561301,-19.35465718525334,-395.7808199590754,-16.172054237912644
max,-84.22251601992376,-96.39200042532399,-25.30683743599348,1.8043937712882787,-6.355255507384223,-98.8754191958997,-8.883924288764703,-22.293108571864096,-709.150427102976,-20.346010388510685,-396.45581995907537,-34.51687214225002
