,crim,zn,indus,nox,rm,age,dis,rad,tax,ptratio,b,lstat
count,-102.0,-102.0,-102.0,-102.0,-102.0,-102.0,-102.0,-102.0,-102.0,-102.0,-102.0,-102.0
mean,-3.613523557312254,-11.363636363636363,-11.13677865612648,-0.554695059288538,-6.284634387351779,-68.57490118577076,-3.795042687747036,-9.549407114624506,-408.2371541501976,-18.455533596837945,-356.6740316205534,-12.653063241106722
std,-7.600305179251748,-22.321213068434297,-5.859113014816846,0.8853622504131835,0.29862278266541575,-27.1476214808229,-1.1044702005468714,-7.706019458158639,-167.53587612887853,-1.1637055976337083,-90.29362445807705,-6.139821585267833
min,-0.4124613853736877,-0.5003201214037766,-1.9477913801777205,-1.8437107822280947,-7.0227329097131745,-5.248206022492071,-2.3879910720072273,-1.9740475762993264,-188.30768375748065,-15.168943660389012,-4.212248541744519,-3.240559360291279
25%,-0.48002111581562595,-0.5003201214037766,-6.0402733129566535,-1.3377827882248088,-6.485848845167035,-45.84782643285083,-2.908373085668888,-4.624359880068644,-279.75335625325465,-18.08210113465614,-375.1676202855042,-7.750505663923248
50%,-0.6341847698151823,-0.5003201214037766,-10.042166941528803,-0.6952334227877548,-6.357942700347064,-77.17297991920567,-3.5045696426198454,-5.507797314658417,-330.4460660063467,-18.878529515872223,-391.0569988332497,-11.5757762689469
75%,-3.7229036911881006,-12.135410711702768,-17.066763214583705,0.009860658440686842,-6.170676042125084,-93.17752729424018,-4.4402268536217795,-23.691859356786825,-664.4215655561301,-19.35465718525334,-395.79334003252126,-16.40369297475457
max,-79.34551115623042,-96.17577307289874,-25.30683743599348,1.8043937712882787,-5.302435526051836,-98.8754191958997,-8.218600339739261,-22.293108571864096,-709.150427102976,-20.346010388510685,-396.45581995907537,-34.3774664586795
